{
  "camara_idx": 1,
  "ventana_w": 1280,
  "ventana_h": 720,
  "stream_w": 640,
  "stream_jpeg_q": 60,
  "linea_entra": [
    [
      0.4789473684210526,
      0.46842105263157896
    ],
    [
      0.7157894736842105,
      0.5573099415204679
    ]
  ],
  "linea_sale": [
    [
      0.11875,
      0.5888888888888889
    ],
    [
      0.65859375,
      0.9527777777777777
    ]
  ],
  "min_ancho_px": 60,
  "max_ancho_px": 0,
  "min_nitidez": 40,
  "distancia_m": 5.0,
  "fps_fallback": 30.0,
  "inferencia_cada": 1,
  "detectar_carros": false,
  "tolerancia_carro": 3,
  "tolerancia_placa": 12,
  "calibrar": false,
  "mostrar_ventana": false,
  "reconectar": true,
  "espera_entre_reintentos_s": 2.0,
  "frames_antes_de_reconectar": 30
}