{
  "camara_idx": 2,
  "ventana_w": 960,
  "ventana_h": 720,
  "stream_w": 640,
  "stream_jpeg_q": 60,
  "linea_entra": [
    [
      0.584375,
      0.38472222222222224
    ],
    [
      0.4166666666666667,
      0.5305555555555556
    ]
  ],
  "linea_sale": [
    [
      0.48020833333333335,
      0.9194444444444444
    ],
    [
      0.825,
      0.4597222222222222
    ]
  ],
  "min_ancho_px": 60,
  "max_ancho_px": 0,
  "min_nitidez": 40,
  "distancia_m": 5.0,
  "fps_fallback": 30.0,
  "inferencia_cada": 1,
  "detectar_carros": false,
  "tolerancia_carro": 3,
  "tolerancia_placa": 8,
  "calibrar": true,
  "mostrar_ventana": true,
  "reconectar": true,
  "espera_entre_reintentos_s": 2.0,
  "frames_antes_de_reconectar": 30
}